{
  "designerVersion" : "1.10.44",
  "id" : "pbText",
  "name" : "Text",
  "lastUpdate" : 1585628532971,
  "template" : "@pbText.tpl.html",
  "icon" : "<svg xmlns='http://www.w3.org/2000/svg' viewBox='0 0 50 20'><g><path fill='#fff' d='M8.2,20h15v-1h-15V20z M8.2,17h31v-1h-31V17z M8.2,4h32V3h-32V4z M8.2,14h34v-1h-34V14z M8.2,7h30V6h-30V7z M8.2,1h35V0h-35V1z'/></g></svg>",
  "description" : "Short string or paragraph of text to be displayed. Can include HTML tags",
  "custom" : false,
  "order" : 19,
  "properties" : [
    {
      "label" : "Label hidden",
      "name" : "labelHidden",
      "type" : "boolean",
      "defaultValue" : true,
      "bond" : "constant"
    },
    {
      "label" : "Label",
      "name" : "label",
      "showFor" : "properties.labelHidden.value === false",
      "type" : "text",
      "defaultValue" : "Default label",
      "bond" : "interpolation"
    },
    {
      "label" : "Label position",
      "name" : "labelPosition",
      "showFor" : "properties.labelHidden.value === false",
      "type" : "choice",
      "defaultValue" : "top",
      "choiceValues" : [
        "left",
        "top"
      ],
      "bond" : "constant"
    },
    {
      "label" : "Label width",
      "name" : "labelWidth",
      "showFor" : "properties.labelHidden.value === false",
      "type" : "integer",
      "defaultValue" : 4,
      "bond" : "constant",
      "constraints" : {
        "min" : "1",
        "max" : "12"
      }
    },
    {
      "label" : "Interpret HTML",
      "name" : "allowHTML",
      "help" : "If you choose 'no', HTML code will be escaped instead of being interpreted",
      "type" : "boolean",
      "defaultValue" : true,
      "bond" : "constant"
    },
    {
      "label" : "Text",
      "name" : "text",
      "caption" : "Use basic html tags (if allowed), <span ng-non-bindable>{{dataVariable}}</span> to access data, and <a href=\"javascript:void(0);\" open-help=\"filters\" editor-mode=\"page\">filters</a> to format it (e.g. <span ng-non-bindable>{{dateVariable|uiDate}}</span>)",
      "type" : "html",
      "defaultValue" : "Neque porro quisquam est qui dolorem ipsum quia dolor sit amet,<br/>consectetur,<br/>adipisci velit...",
      "bond" : "interpolation"
    },
    {
      "label" : "Alignment",
      "name" : "alignment",
      "showFor" : "properties.labelHidden.value === true",
      "type" : "choice",
      "defaultValue" : "left",
      "choiceValues" : [
        "left",
        "center",
        "right"
      ],
      "bond" : "constant"
    }
  ],
  "assets" : [ ],
  "requiredModules" : [ ],
  "type" : "widget",
  "hasHelp" : false
}