<?xml version="1.0" encoding="UTF-8" standalone="yes"?>
<businessObjectModel modelVersion="1.0" productVersion="7.10.1">
    <businessObjects>
        <businessObject qualifiedName="com.company.model.Administration">
            <fields>
                <field type="STRING" length="255" name="nameDeputyRegistrarExamination" nullable="true" collection="false"/>
                <field type="STRING" length="255" name="nameDeputyRegistrarFaculty" nullable="true" collection="false"/>
            </fields>
            <uniqueConstraints/>
            <queries/>
            <indexes/>
        </businessObject>
        <businessObject qualifiedName="com.company.model.Admission">
            <fields>
                <field type="BOOLEAN" length="255" name="isComplete" nullable="true" collection="false"/>
                <field type="BOOLEAN" length="255" name="isGPACorrect" nullable="true" collection="false"/>
            </fields>
            <uniqueConstraints/>
            <queries/>
            <indexes/>
        </businessObject>
        <businessObject qualifiedName="com.company.model.Agreement">
            <fields>
                <field type="STRING" length="255" name="nameHead" nullable="true" collection="false"/>
                <field type="STRING" length="255" name="department" nullable="true" collection="false"/>
                <field type="BOOLEAN" length="255" name="isRecommended" nullable="true" collection="false"/>
                <field type="STRING" length="255" name="reasonForNotRecommended" nullable="true" collection="false"/>
            </fields>
            <uniqueConstraints/>
            <queries/>
            <indexes/>
        </businessObject>
        <businessObject qualifiedName="com.company.model.Applicant">
            <fields>
                <field type="STRING" length="255" name="NameWithInitials" nullable="true" collection="false"/>
                <field type="STRING" length="255" name="acadamicYear" nullable="true" collection="false"/>
                <field type="INTEGER" length="255" name="presentSemester" nullable="true" collection="false"/>
                <field type="STRING" length="255" name="registrationNumber" nullable="true" collection="false"/>
                <field type="STRING" length="255" name="permenantAddress" nullable="true" collection="false"/>
                <field type="STRING" length="255" name="sex" nullable="true" collection="false"/>
                <field type="STRING" length="255" name="mobileNumber" nullable="true" collection="false"/>
                <field type="STRING" length="255" name="courseOfStudy" nullable="true" collection="false"/>
                <field type="STRING" length="255" name="fieldOfSpecialization" nullable="true" collection="false"/>
                <field type="FLOAT" length="255" name="previousGPA" nullable="true" collection="false"/>
            </fields>
            <uniqueConstraints/>
            <queries/>
            <indexes/>
        </businessObject>
        <businessObject qualifiedName="com.company.model.Course">
            <fields>
                <field type="STRING" length="255" name="id" nullable="true" collection="false"/>
                <field type="STRING" length="255" name="applicationID" nullable="true" collection="false"/>
                <field type="STRING" length="255" name="membersID" nullable="true" collection="false"/>
                <field type="STRING" length="255" name="ModuleCode" nullable="true" collection="false"/>
                <field type="STRING" length="255" name="ModuleName" nullable="true" collection="false"/>
                <field type="STRING" length="255" name="Lecturer" nullable="true" collection="false"/>
            </fields>
            <uniqueConstraints/>
            <queries/>
            <indexes/>
        </businessObject>
        <businessObject qualifiedName="com.company.model.CourseApplication">
            <fields>
                <field type="LONG" length="255" name="applicantId" nullable="true" collection="false"/>
                <field type="STRING" length="255" name="signature" nullable="true" collection="false"/>
                <field type="LOCALDATETIME" length="255" name="dateOfSignature" nullable="true" collection="false"/>
                <field type="BOOLEAN" length="255" name="eligibiligty" nullable="true" collection="false"/>
                <field type="STRING" length="255" name="ID" nullable="true" collection="false"/>
                <field type="STRING" length="255" name="course" nullable="true" collection="false"/>
                <field type="LONG" length="255" name="courseId" nullable="true" collection="false"/>
                <field type="LONG" length="255" name="agreementId" nullable="true" collection="false"/>
                <field type="LONG" length="255" name="admissionId" nullable="true" collection="false"/>
                <field type="LONG" length="255" name="examinationId" nullable="true" collection="false"/>
                <field type="LONG" length="255" name="visitId" nullable="true" collection="false"/>
            </fields>
            <uniqueConstraints/>
            <queries/>
            <indexes/>
        </businessObject>
    </businessObjects>
</businessObjectModel>
