{
  "designerVersion" : "1.10.44",
  "id" : "ApplicantForm",
  "name" : "ApplicantForm",
  "lastUpdate" : 1586029361316,
  "rows" : [
    [
      {
        "type" : "container",
        "dimension" : {
          "xs" : 12
        },
        "propertyValues" : { },
        "reference" : "6a9250e4-3f4b-4a73-81d1-91b5050ce90e",
        "hasValidationError" : false,
        "id" : "pbContainer",
        "rows" : [
          [
            {
              "type" : "component",
              "dimension" : {
                "xs" : 12
              },
              "propertyValues" : {
                "cssClasses" : {
                  "type" : "constant",
                  "value" : ""
                },
                "hidden" : {
                  "type" : "constant",
                  "value" : false
                },
                "text" : {
                  "type" : "interpolation",
                  "value" : "SOUTH EASTERN UNIVERSITY OF SRI LANKA"
                },
                "level" : {
                  "type" : "constant",
                  "value" : "Level 2"
                },
                "alignment" : {
                  "type" : "constant",
                  "value" : "center"
                }
              },
              "reference" : "2b6af8a6-3496-4ace-852d-d7c1d9c2e9a4",
              "hasValidationError" : false,
              "id" : "pbTitle"
            },
            {
              "type" : "component",
              "dimension" : {
                "xs" : 12
              },
              "propertyValues" : {
                "cssClasses" : {
                  "type" : "constant",
                  "value" : ""
                },
                "hidden" : {
                  "type" : "constant",
                  "value" : false
                },
                "text" : {
                  "type" : "interpolation",
                  "value" : "Course Registration"
                },
                "level" : {
                  "type" : "constant",
                  "value" : "Level 2"
                },
                "alignment" : {
                  "type" : "constant",
                  "value" : "center"
                }
              },
              "reference" : "7787ff43-ffb7-4be9-8813-e8b9865adc36",
              "hasValidationError" : false,
              "id" : "pbTitle"
            },
            {
              "type" : "component",
              "dimension" : {
                "xs" : 12
              },
              "propertyValues" : {
                "labelHidden" : {
                  "type" : "constant",
                  "value" : false
                },
                "hidden" : {
                  "type" : "constant",
                  "value" : false
                },
                "level" : {
                  "type" : "constant",
                  "value" : "Level 6"
                },
                "cssClasses" : {
                  "type" : "constant",
                  "value" : ""
                },
                "widgetId" : {
                  "type" : "constant",
                  "value" : "pbTitle"
                },
                "readOnly" : {
                  "type" : "constant",
                  "value" : false
                },
                "label" : {
                  "type" : "interpolation"
                },
                "text" : {
                  "type" : "interpolation",
                  "value" : "{{ task.displayName }}"
                },
                "alignment" : {
                  "type" : "constant",
                  "value" : "center"
                },
                "class" : {
                  "type" : "constant",
                  "value" : "org.bonitasoft.web.designer.experimental.parametrizedWidget.TitleWidget"
                },
                "dimension" : {
                  "type" : "constant",
                  "value" : 12
                }
              },
              "reference" : "d7d1e26f-4eb0-4bfb-9ad3-a6b2498a5722",
              "hasValidationError" : false,
              "id" : "pbTitle"
            }
          ],
          [
            {
              "type" : "component",
              "dimension" : {
                "xs" : 12
              },
              "propertyValues" : {
                "allowHtml" : {
                  "type" : "constant",
                  "value" : true
                },
                "labelHidden" : {
                  "type" : "constant",
                  "value" : true
                },
                "hidden" : {
                  "type" : "constant",
                  "value" : false
                },
                "cssClasses" : {
                  "type" : "constant",
                  "value" : ""
                },
                "widgetId" : {
                  "type" : "constant",
                  "value" : "pbText"
                },
                "readOnly" : {
                  "type" : "constant",
                  "value" : false
                },
                "label" : {
                  "type" : "interpolation"
                },
                "text" : {
                  "type" : "interpolation",
                  "value" : "{{ task.displayDescription }}"
                },
                "alignment" : {
                  "type" : "constant",
                  "value" : "left"
                },
                "class" : {
                  "type" : "constant",
                  "value" : "org.bonitasoft.web.designer.experimental.parametrizedWidget.TextWidget"
                },
                "dimension" : {
                  "type" : "constant",
                  "value" : 12
                },
                "labelPosition" : {
                  "type" : "constant",
                  "value" : "top"
                },
                "labelWidth" : {
                  "type" : "constant",
                  "value" : 4
                },
                "allowHTML" : {
                  "type" : "constant",
                  "value" : true
                }
              },
              "reference" : "659b0a9c-3668-46bd-8ec2-d1c27ba8f6d0",
              "hasValidationError" : false,
              "id" : "pbText"
            }
          ]
        ]
      }
    ],
    [
      {
        "type" : "formContainer",
        "dimension" : {
          "xs" : 12
        },
        "propertyValues" : { },
        "reference" : "23992142-cd91-4f7f-ad14-082f69913bc0",
        "hasValidationError" : false,
        "id" : "pbFormContainer",
        "container" : {
          "type" : "container",
          "dimension" : {
            "xs" : 12
          },
          "propertyValues" : { },
          "reference" : "07f31bc2-047e-4fbc-9ea3-043b3d7a67e6",
          "hasValidationError" : false,
          "id" : "pbContainer",
          "rows" : [
            [
              {
                "type" : "component",
                "dimension" : {
                  "xs" : 12
                },
                "propertyValues" : {
                  "labelHidden" : {
                    "type" : "constant",
                    "value" : false
                  },
                  "hidden" : {
                    "type" : "constant",
                    "value" : false
                  },
                  "level" : {
                    "type" : "constant",
                    "value" : "Level 4"
                  },
                  "cssClasses" : {
                    "type" : "constant",
                    "value" : ""
                  },
                  "widgetId" : {
                    "type" : "constant",
                    "value" : "pbTitle"
                  },
                  "readOnly" : {
                    "type" : "constant",
                    "value" : false
                  },
                  "label" : {
                    "type" : "interpolation"
                  },
                  "text" : {
                    "type" : "interpolation",
                    "value" : "Applicant"
                  },
                  "alignment" : {
                    "type" : "constant",
                    "value" : "left"
                  },
                  "class" : {
                    "type" : "constant",
                    "value" : "org.bonitasoft.web.designer.experimental.parametrizedWidget.TitleWidget"
                  },
                  "dimension" : {
                    "type" : "constant",
                    "value" : 12
                  }
                },
                "reference" : "1d5d3943-3186-4100-b912-151e4585538c",
                "hasValidationError" : false,
                "id" : "pbTitle"
              }
            ],
            [
              {
                "type" : "container",
                "dimension" : {
                  "xs" : 12
                },
                "propertyValues" : {
                  "repeatedCollection" : {
                    "type" : "variable"
                  },
                  "labelHidden" : {
                    "type" : "constant",
                    "value" : false
                  },
                  "hidden" : {
                    "type" : "constant",
                    "value" : false
                  },
                  "cssClasses" : {
                    "type" : "constant",
                    "value" : ""
                  },
                  "widgetId" : {
                    "type" : "constant"
                  },
                  "readOnly" : {
                    "type" : "constant",
                    "value" : false
                  },
                  "label" : {
                    "type" : "interpolation"
                  },
                  "alignment" : {
                    "type" : "constant",
                    "value" : "left"
                  },
                  "class" : {
                    "type" : "constant",
                    "value" : "org.bonitasoft.web.designer.experimental.parametrizedWidget.WidgetContainer"
                  },
                  "dimension" : {
                    "type" : "constant",
                    "value" : 12
                  }
                },
                "reference" : "f250b25d-05c0-4450-87b3-899f64f764d8",
                "hasValidationError" : false,
                "id" : "pbContainer",
                "rows" : [
                  [
                    {
                      "type" : "component",
                      "dimension" : {
                        "xs" : 12
                      },
                      "propertyValues" : {
                        "hidden" : {
                          "type" : "constant",
                          "value" : false
                        },
                        "cssClasses" : {
                          "type" : "constant",
                          "value" : ""
                        },
                        "widgetId" : {
                          "type" : "constant",
                          "value" : "pbInput"
                        },
                        "labelWidth" : {
                          "type" : "constant",
                          "value" : 1
                        },
                        "readOnly" : {
                          "type" : "constant",
                          "value" : false
                        },
                        "label" : {
                          "type" : "interpolation",
                          "value" : "Name With Initials"
                        },
                        "type" : {
                          "type" : "constant",
                          "value" : "text"
                        },
                        "required" : {
                          "type" : "constant",
                          "value" : false
                        },
                        "labelHidden" : {
                          "type" : "constant",
                          "value" : false
                        },
                        "labelPosition" : {
                          "type" : "constant",
                          "value" : "top"
                        },
                        "placeholder" : {
                          "type" : "constant"
                        },
                        "alignment" : {
                          "type" : "constant",
                          "value" : "left"
                        },
                        "class" : {
                          "type" : "constant",
                          "value" : "org.bonitasoft.web.designer.experimental.parametrizedWidget.InputWidget"
                        },
                        "dimension" : {
                          "type" : "constant",
                          "value" : 12
                        },
                        "value" : {
                          "type" : "variable",
                          "value" : "applicant.NameWithInitials"
                        }
                      },
                      "reference" : "56a79d2a-1587-4a64-b0db-eb11e4352dfd",
                      "hasValidationError" : false,
                      "id" : "pbInput"
                    }
                  ],
                  [
                    {
                      "type" : "component",
                      "dimension" : {
                        "xs" : 12
                      },
                      "propertyValues" : {
                        "hidden" : {
                          "type" : "constant",
                          "value" : false
                        },
                        "cssClasses" : {
                          "type" : "constant",
                          "value" : ""
                        },
                        "widgetId" : {
                          "type" : "constant",
                          "value" : "pbInput"
                        },
                        "labelWidth" : {
                          "type" : "constant",
                          "value" : 1
                        },
                        "readOnly" : {
                          "type" : "constant",
                          "value" : false
                        },
                        "label" : {
                          "type" : "interpolation",
                          "value" : "Acadamic Year"
                        },
                        "type" : {
                          "type" : "constant",
                          "value" : "text"
                        },
                        "required" : {
                          "type" : "constant",
                          "value" : false
                        },
                        "labelHidden" : {
                          "type" : "constant",
                          "value" : false
                        },
                        "labelPosition" : {
                          "type" : "constant",
                          "value" : "top"
                        },
                        "placeholder" : {
                          "type" : "constant"
                        },
                        "alignment" : {
                          "type" : "constant",
                          "value" : "left"
                        },
                        "class" : {
                          "type" : "constant",
                          "value" : "org.bonitasoft.web.designer.experimental.parametrizedWidget.InputWidget"
                        },
                        "dimension" : {
                          "type" : "constant",
                          "value" : 12
                        },
                        "value" : {
                          "type" : "variable",
                          "value" : "applicant.acadamicYear"
                        }
                      },
                      "reference" : "33e2d001-436d-4cd0-902e-48dcc3be2ff7",
                      "hasValidationError" : false,
                      "id" : "pbInput"
                    }
                  ],
                  [
                    {
                      "type" : "component",
                      "dimension" : {
                        "xs" : 12
                      },
                      "propertyValues" : {
                        "hidden" : {
                          "type" : "constant",
                          "value" : false
                        },
                        "cssClasses" : {
                          "type" : "constant",
                          "value" : ""
                        },
                        "widgetId" : {
                          "type" : "constant",
                          "value" : "pbInput"
                        },
                        "labelWidth" : {
                          "type" : "constant",
                          "value" : 1
                        },
                        "readOnly" : {
                          "type" : "constant",
                          "value" : false
                        },
                        "label" : {
                          "type" : "interpolation",
                          "value" : "Present Semester"
                        },
                        "type" : {
                          "type" : "constant",
                          "value" : "number"
                        },
                        "required" : {
                          "type" : "constant",
                          "value" : false
                        },
                        "labelHidden" : {
                          "type" : "constant",
                          "value" : false
                        },
                        "labelPosition" : {
                          "type" : "constant",
                          "value" : "top"
                        },
                        "placeholder" : {
                          "type" : "constant"
                        },
                        "alignment" : {
                          "type" : "constant",
                          "value" : "left"
                        },
                        "class" : {
                          "type" : "constant",
                          "value" : "org.bonitasoft.web.designer.experimental.parametrizedWidget.InputWidget"
                        },
                        "dimension" : {
                          "type" : "constant",
                          "value" : 12
                        },
                        "value" : {
                          "type" : "variable",
                          "value" : "applicant.presentSemester"
                        }
                      },
                      "reference" : "5891be5b-dc23-4236-b8fe-f871d065ec13",
                      "hasValidationError" : false,
                      "id" : "pbInput"
                    }
                  ],
                  [
                    {
                      "type" : "component",
                      "dimension" : {
                        "xs" : 12
                      },
                      "propertyValues" : {
                        "hidden" : {
                          "type" : "constant",
                          "value" : false
                        },
                        "cssClasses" : {
                          "type" : "constant",
                          "value" : ""
                        },
                        "widgetId" : {
                          "type" : "constant",
                          "value" : "pbInput"
                        },
                        "labelWidth" : {
                          "type" : "constant",
                          "value" : 1
                        },
                        "readOnly" : {
                          "type" : "constant",
                          "value" : false
                        },
                        "label" : {
                          "type" : "interpolation",
                          "value" : "Registration Number"
                        },
                        "type" : {
                          "type" : "constant",
                          "value" : "text"
                        },
                        "required" : {
                          "type" : "constant",
                          "value" : false
                        },
                        "labelHidden" : {
                          "type" : "constant",
                          "value" : false
                        },
                        "labelPosition" : {
                          "type" : "constant",
                          "value" : "top"
                        },
                        "placeholder" : {
                          "type" : "constant"
                        },
                        "alignment" : {
                          "type" : "constant",
                          "value" : "left"
                        },
                        "class" : {
                          "type" : "constant",
                          "value" : "org.bonitasoft.web.designer.experimental.parametrizedWidget.InputWidget"
                        },
                        "dimension" : {
                          "type" : "constant",
                          "value" : 12
                        },
                        "value" : {
                          "type" : "variable",
                          "value" : "applicant.registrationNumber"
                        }
                      },
                      "reference" : "e373769f-6dd1-45f8-a46c-82eddee0a81e",
                      "hasValidationError" : false,
                      "id" : "pbInput"
                    }
                  ],
                  [
                    {
                      "type" : "component",
                      "dimension" : {
                        "xs" : 12
                      },
                      "propertyValues" : {
                        "hidden" : {
                          "type" : "constant",
                          "value" : false
                        },
                        "cssClasses" : {
                          "type" : "constant",
                          "value" : ""
                        },
                        "widgetId" : {
                          "type" : "constant",
                          "value" : "pbInput"
                        },
                        "labelWidth" : {
                          "type" : "constant",
                          "value" : 1
                        },
                        "readOnly" : {
                          "type" : "constant",
                          "value" : false
                        },
                        "label" : {
                          "type" : "interpolation",
                          "value" : "Permenant Address"
                        },
                        "type" : {
                          "type" : "constant",
                          "value" : "text"
                        },
                        "required" : {
                          "type" : "constant",
                          "value" : false
                        },
                        "labelHidden" : {
                          "type" : "constant",
                          "value" : false
                        },
                        "labelPosition" : {
                          "type" : "constant",
                          "value" : "top"
                        },
                        "placeholder" : {
                          "type" : "constant"
                        },
                        "alignment" : {
                          "type" : "constant",
                          "value" : "left"
                        },
                        "class" : {
                          "type" : "constant",
                          "value" : "org.bonitasoft.web.designer.experimental.parametrizedWidget.InputWidget"
                        },
                        "dimension" : {
                          "type" : "constant",
                          "value" : 12
                        },
                        "value" : {
                          "type" : "variable",
                          "value" : "applicant.permenantAddress"
                        }
                      },
                      "reference" : "d7b35e6d-f9ab-4598-8061-a4859e0b2d46",
                      "hasValidationError" : false,
                      "id" : "pbInput"
                    }
                  ],
                  [
                    {
                      "type" : "component",
                      "dimension" : {
                        "xs" : 12
                      },
                      "propertyValues" : {
                        "hidden" : {
                          "type" : "constant",
                          "value" : false
                        },
                        "cssClasses" : {
                          "type" : "constant",
                          "value" : ""
                        },
                        "widgetId" : {
                          "type" : "constant",
                          "value" : "pbInput"
                        },
                        "labelWidth" : {
                          "type" : "constant",
                          "value" : 1
                        },
                        "readOnly" : {
                          "type" : "constant",
                          "value" : false
                        },
                        "label" : {
                          "type" : "interpolation",
                          "value" : "Sex"
                        },
                        "type" : {
                          "type" : "constant",
                          "value" : "text"
                        },
                        "required" : {
                          "type" : "constant",
                          "value" : false
                        },
                        "labelHidden" : {
                          "type" : "constant",
                          "value" : false
                        },
                        "labelPosition" : {
                          "type" : "constant",
                          "value" : "top"
                        },
                        "placeholder" : {
                          "type" : "constant"
                        },
                        "alignment" : {
                          "type" : "constant",
                          "value" : "left"
                        },
                        "class" : {
                          "type" : "constant",
                          "value" : "org.bonitasoft.web.designer.experimental.parametrizedWidget.InputWidget"
                        },
                        "dimension" : {
                          "type" : "constant",
                          "value" : 12
                        },
                        "value" : {
                          "type" : "variable",
                          "value" : "applicant.sex"
                        }
                      },
                      "reference" : "fbb5f6dc-d8e7-455e-8e28-2b26ed13fafc",
                      "hasValidationError" : false,
                      "id" : "pbInput"
                    }
                  ],
                  [
                    {
                      "type" : "component",
                      "dimension" : {
                        "xs" : 12
                      },
                      "propertyValues" : {
                        "hidden" : {
                          "type" : "constant",
                          "value" : false
                        },
                        "cssClasses" : {
                          "type" : "constant",
                          "value" : ""
                        },
                        "widgetId" : {
                          "type" : "constant",
                          "value" : "pbInput"
                        },
                        "labelWidth" : {
                          "type" : "constant",
                          "value" : 1
                        },
                        "readOnly" : {
                          "type" : "constant",
                          "value" : false
                        },
                        "label" : {
                          "type" : "interpolation",
                          "value" : "Mobile Number"
                        },
                        "type" : {
                          "type" : "constant",
                          "value" : "text"
                        },
                        "required" : {
                          "type" : "constant",
                          "value" : false
                        },
                        "labelHidden" : {
                          "type" : "constant",
                          "value" : false
                        },
                        "labelPosition" : {
                          "type" : "constant",
                          "value" : "top"
                        },
                        "placeholder" : {
                          "type" : "constant"
                        },
                        "alignment" : {
                          "type" : "constant",
                          "value" : "left"
                        },
                        "class" : {
                          "type" : "constant",
                          "value" : "org.bonitasoft.web.designer.experimental.parametrizedWidget.InputWidget"
                        },
                        "dimension" : {
                          "type" : "constant",
                          "value" : 12
                        },
                        "value" : {
                          "type" : "variable",
                          "value" : "applicant.mobileNumber"
                        }
                      },
                      "reference" : "e2c51f4e-2c6b-41ac-8a41-a92992fe36c9",
                      "hasValidationError" : false,
                      "id" : "pbInput"
                    }
                  ],
                  [
                    {
                      "type" : "component",
                      "dimension" : {
                        "xs" : 12
                      },
                      "propertyValues" : {
                        "hidden" : {
                          "type" : "constant",
                          "value" : false
                        },
                        "cssClasses" : {
                          "type" : "constant",
                          "value" : ""
                        },
                        "widgetId" : {
                          "type" : "constant",
                          "value" : "pbInput"
                        },
                        "labelWidth" : {
                          "type" : "constant",
                          "value" : 1
                        },
                        "readOnly" : {
                          "type" : "constant",
                          "value" : false
                        },
                        "label" : {
                          "type" : "interpolation",
                          "value" : "Course Of Study"
                        },
                        "type" : {
                          "type" : "constant",
                          "value" : "text"
                        },
                        "required" : {
                          "type" : "constant",
                          "value" : false
                        },
                        "labelHidden" : {
                          "type" : "constant",
                          "value" : false
                        },
                        "labelPosition" : {
                          "type" : "constant",
                          "value" : "top"
                        },
                        "placeholder" : {
                          "type" : "constant"
                        },
                        "alignment" : {
                          "type" : "constant",
                          "value" : "left"
                        },
                        "class" : {
                          "type" : "constant",
                          "value" : "org.bonitasoft.web.designer.experimental.parametrizedWidget.InputWidget"
                        },
                        "dimension" : {
                          "type" : "constant",
                          "value" : 12
                        },
                        "value" : {
                          "type" : "variable",
                          "value" : "applicant.courseOfStudy"
                        }
                      },
                      "reference" : "861a93fc-c85a-4887-8b07-4d37e3042d66",
                      "hasValidationError" : false,
                      "id" : "pbInput"
                    }
                  ],
                  [
                    {
                      "type" : "component",
                      "dimension" : {
                        "xs" : 12
                      },
                      "propertyValues" : {
                        "hidden" : {
                          "type" : "constant",
                          "value" : false
                        },
                        "cssClasses" : {
                          "type" : "constant",
                          "value" : ""
                        },
                        "widgetId" : {
                          "type" : "constant",
                          "value" : "pbInput"
                        },
                        "labelWidth" : {
                          "type" : "constant",
                          "value" : 1
                        },
                        "readOnly" : {
                          "type" : "constant",
                          "value" : false
                        },
                        "label" : {
                          "type" : "interpolation",
                          "value" : "Field Of Specialization"
                        },
                        "type" : {
                          "type" : "constant",
                          "value" : "text"
                        },
                        "required" : {
                          "type" : "constant",
                          "value" : false
                        },
                        "labelHidden" : {
                          "type" : "constant",
                          "value" : false
                        },
                        "labelPosition" : {
                          "type" : "constant",
                          "value" : "top"
                        },
                        "placeholder" : {
                          "type" : "constant"
                        },
                        "alignment" : {
                          "type" : "constant",
                          "value" : "left"
                        },
                        "class" : {
                          "type" : "constant",
                          "value" : "org.bonitasoft.web.designer.experimental.parametrizedWidget.InputWidget"
                        },
                        "dimension" : {
                          "type" : "constant",
                          "value" : 12
                        },
                        "value" : {
                          "type" : "variable",
                          "value" : "applicant.fieldOfSpecialization"
                        }
                      },
                      "reference" : "baa1dffb-8fcf-42ad-9d24-4a8881aa4192",
                      "hasValidationError" : false,
                      "id" : "pbInput"
                    }
                  ],
                  [
                    {
                      "type" : "component",
                      "dimension" : {
                        "xs" : 12
                      },
                      "propertyValues" : {
                        "hidden" : {
                          "type" : "constant",
                          "value" : false
                        },
                        "cssClasses" : {
                          "type" : "constant",
                          "value" : ""
                        },
                        "widgetId" : {
                          "type" : "constant",
                          "value" : "pbInput"
                        },
                        "labelWidth" : {
                          "type" : "constant",
                          "value" : 1
                        },
                        "readOnly" : {
                          "type" : "constant",
                          "value" : false
                        },
                        "label" : {
                          "type" : "interpolation",
                          "value" : "Previous GPA"
                        },
                        "type" : {
                          "type" : "constant",
                          "value" : "number"
                        },
                        "required" : {
                          "type" : "constant",
                          "value" : false
                        },
                        "labelHidden" : {
                          "type" : "constant",
                          "value" : false
                        },
                        "labelPosition" : {
                          "type" : "constant",
                          "value" : "top"
                        },
                        "placeholder" : {
                          "type" : "constant"
                        },
                        "alignment" : {
                          "type" : "constant",
                          "value" : "left"
                        },
                        "class" : {
                          "type" : "constant",
                          "value" : "org.bonitasoft.web.designer.experimental.parametrizedWidget.InputWidget"
                        },
                        "dimension" : {
                          "type" : "constant",
                          "value" : 12
                        },
                        "value" : {
                          "type" : "variable",
                          "value" : "applicant.previousGPA"
                        }
                      },
                      "reference" : "820491db-f76a-4c1d-9ed1-d295930816fc",
                      "hasValidationError" : false,
                      "id" : "pbInput"
                    }
                  ]
                ]
              }
            ],
            [
              {
                "type" : "component",
                "dimension" : {
                  "xs" : 12
                },
                "propertyValues" : {
                  "labelHidden" : {
                    "type" : "constant",
                    "value" : false
                  },
                  "hidden" : {
                    "type" : "constant",
                    "value" : false
                  },
                  "level" : {
                    "type" : "constant",
                    "value" : "Level 4"
                  },
                  "cssClasses" : {
                    "type" : "constant",
                    "value" : ""
                  },
                  "widgetId" : {
                    "type" : "constant",
                    "value" : "pbTitle"
                  },
                  "readOnly" : {
                    "type" : "constant",
                    "value" : false
                  },
                  "label" : {
                    "type" : "interpolation"
                  },
                  "text" : {
                    "type" : "interpolation",
                    "value" : "Course"
                  },
                  "alignment" : {
                    "type" : "constant",
                    "value" : "left"
                  },
                  "class" : {
                    "type" : "constant",
                    "value" : "org.bonitasoft.web.designer.experimental.parametrizedWidget.TitleWidget"
                  },
                  "dimension" : {
                    "type" : "constant",
                    "value" : 12
                  }
                },
                "reference" : "284a8905-5dc7-4836-be70-05c82c68cb3c",
                "hasValidationError" : false,
                "id" : "pbTitle"
              }
            ],
            [
              {
                "type" : "container",
                "dimension" : {
                  "xs" : 12
                },
                "propertyValues" : {
                  "repeatedCollection" : {
                    "type" : "variable",
                    "value" : ""
                  },
                  "labelHidden" : {
                    "type" : "constant",
                    "value" : false
                  },
                  "hidden" : {
                    "type" : "constant",
                    "value" : false
                  },
                  "cssClasses" : {
                    "type" : "constant",
                    "value" : ""
                  },
                  "widgetId" : {
                    "type" : "constant"
                  },
                  "readOnly" : {
                    "type" : "constant",
                    "value" : false
                  },
                  "label" : {
                    "type" : "interpolation"
                  },
                  "alignment" : {
                    "type" : "constant",
                    "value" : "left"
                  },
                  "class" : {
                    "type" : "constant",
                    "value" : "org.bonitasoft.web.designer.experimental.parametrizedWidget.WidgetContainer"
                  },
                  "dimension" : {
                    "type" : "constant",
                    "value" : 12
                  }
                },
                "reference" : "02bfdb78-9c05-4cd5-acd4-bed2c1d4eae6",
                "hasValidationError" : false,
                "id" : "pbContainer",
                "rows" : [
                  [
                    {
                      "type" : "component",
                      "dimension" : {
                        "xs" : 12
                      },
                      "propertyValues" : {
                        "hidden" : {
                          "type" : "constant",
                          "value" : false
                        },
                        "cssClasses" : {
                          "type" : "constant",
                          "value" : ""
                        },
                        "widgetId" : {
                          "type" : "constant",
                          "value" : "pbInput"
                        },
                        "labelWidth" : {
                          "type" : "constant",
                          "value" : 1
                        },
                        "readOnly" : {
                          "type" : "constant",
                          "value" : false
                        },
                        "label" : {
                          "type" : "interpolation",
                          "value" : "Module Code"
                        },
                        "type" : {
                          "type" : "constant",
                          "value" : "text"
                        },
                        "required" : {
                          "type" : "constant",
                          "value" : false
                        },
                        "labelHidden" : {
                          "type" : "constant",
                          "value" : false
                        },
                        "labelPosition" : {
                          "type" : "constant",
                          "value" : "top"
                        },
                        "placeholder" : {
                          "type" : "constant"
                        },
                        "alignment" : {
                          "type" : "constant",
                          "value" : "left"
                        },
                        "class" : {
                          "type" : "constant",
                          "value" : "org.bonitasoft.web.designer.experimental.parametrizedWidget.InputWidget"
                        },
                        "dimension" : {
                          "type" : "constant",
                          "value" : 12
                        },
                        "value" : {
                          "type" : "variable",
                          "value" : "course.ModuleCode"
                        }
                      },
                      "reference" : "d271a22b-9ae8-422d-911e-7a26f934fa2e",
                      "hasValidationError" : false,
                      "id" : "pbInput"
                    }
                  ],
                  [
                    {
                      "type" : "component",
                      "dimension" : {
                        "xs" : 12
                      },
                      "propertyValues" : {
                        "hidden" : {
                          "type" : "constant",
                          "value" : false
                        },
                        "cssClasses" : {
                          "type" : "constant",
                          "value" : ""
                        },
                        "widgetId" : {
                          "type" : "constant",
                          "value" : "pbInput"
                        },
                        "labelWidth" : {
                          "type" : "constant",
                          "value" : 1
                        },
                        "readOnly" : {
                          "type" : "constant",
                          "value" : false
                        },
                        "label" : {
                          "type" : "interpolation",
                          "value" : "Module Name"
                        },
                        "type" : {
                          "type" : "constant",
                          "value" : "text"
                        },
                        "required" : {
                          "type" : "constant",
                          "value" : false
                        },
                        "labelHidden" : {
                          "type" : "constant",
                          "value" : false
                        },
                        "labelPosition" : {
                          "type" : "constant",
                          "value" : "top"
                        },
                        "placeholder" : {
                          "type" : "constant"
                        },
                        "alignment" : {
                          "type" : "constant",
                          "value" : "left"
                        },
                        "class" : {
                          "type" : "constant",
                          "value" : "org.bonitasoft.web.designer.experimental.parametrizedWidget.InputWidget"
                        },
                        "dimension" : {
                          "type" : "constant",
                          "value" : 12
                        },
                        "value" : {
                          "type" : "variable",
                          "value" : "course.ModuleName"
                        }
                      },
                      "reference" : "d3a13f1a-b2a2-4be8-9b7b-f5ff8b7ae52d",
                      "hasValidationError" : false,
                      "id" : "pbInput"
                    }
                  ],
                  [
                    {
                      "type" : "component",
                      "dimension" : {
                        "xs" : 12
                      },
                      "propertyValues" : {
                        "hidden" : {
                          "type" : "constant",
                          "value" : false
                        },
                        "cssClasses" : {
                          "type" : "constant",
                          "value" : ""
                        },
                        "widgetId" : {
                          "type" : "constant",
                          "value" : "pbInput"
                        },
                        "labelWidth" : {
                          "type" : "constant",
                          "value" : 1
                        },
                        "readOnly" : {
                          "type" : "constant",
                          "value" : false
                        },
                        "label" : {
                          "type" : "interpolation",
                          "value" : "Lecturer"
                        },
                        "type" : {
                          "type" : "constant",
                          "value" : "text"
                        },
                        "required" : {
                          "type" : "constant",
                          "value" : false
                        },
                        "labelHidden" : {
                          "type" : "constant",
                          "value" : false
                        },
                        "labelPosition" : {
                          "type" : "constant",
                          "value" : "top"
                        },
                        "placeholder" : {
                          "type" : "constant"
                        },
                        "alignment" : {
                          "type" : "constant",
                          "value" : "left"
                        },
                        "class" : {
                          "type" : "constant",
                          "value" : "org.bonitasoft.web.designer.experimental.parametrizedWidget.InputWidget"
                        },
                        "dimension" : {
                          "type" : "constant",
                          "value" : 12
                        },
                        "value" : {
                          "type" : "variable",
                          "value" : "course.Lecturer"
                        }
                      },
                      "reference" : "8bf7b957-0198-46dd-983d-53444a5c4050",
                      "hasValidationError" : false,
                      "id" : "pbInput"
                    }
                  ]
                ]
              }
            ],
            [
              {
                "type" : "component",
                "dimension" : {
                  "xs" : 12
                },
                "propertyValues" : {
                  "labelHidden" : {
                    "type" : "constant",
                    "value" : false
                  },
                  "hidden" : {
                    "type" : "constant",
                    "value" : false
                  },
                  "level" : {
                    "type" : "constant",
                    "value" : "Level 4"
                  },
                  "cssClasses" : {
                    "type" : "constant",
                    "value" : ""
                  },
                  "widgetId" : {
                    "type" : "constant",
                    "value" : "pbTitle"
                  },
                  "readOnly" : {
                    "type" : "constant",
                    "value" : false
                  },
                  "label" : {
                    "type" : "interpolation"
                  },
                  "text" : {
                    "type" : "interpolation",
                    "value" : "Signature of Applicant"
                  },
                  "alignment" : {
                    "type" : "constant",
                    "value" : "left"
                  },
                  "class" : {
                    "type" : "constant",
                    "value" : "org.bonitasoft.web.designer.experimental.parametrizedWidget.TitleWidget"
                  },
                  "dimension" : {
                    "type" : "constant",
                    "value" : 12
                  }
                },
                "reference" : "c6420317-114c-47e4-a611-7d6e3a13b31a",
                "hasValidationError" : false,
                "id" : "pbTitle"
              }
            ],
            [
              {
                "type" : "container",
                "dimension" : {
                  "xs" : 12
                },
                "propertyValues" : {
                  "repeatedCollection" : {
                    "type" : "variable",
                    "value" : ""
                  },
                  "labelHidden" : {
                    "type" : "constant",
                    "value" : false
                  },
                  "hidden" : {
                    "type" : "constant",
                    "value" : false
                  },
                  "cssClasses" : {
                    "type" : "constant",
                    "value" : ""
                  },
                  "widgetId" : {
                    "type" : "constant"
                  },
                  "readOnly" : {
                    "type" : "constant",
                    "value" : false
                  },
                  "label" : {
                    "type" : "interpolation"
                  },
                  "alignment" : {
                    "type" : "constant",
                    "value" : "left"
                  },
                  "class" : {
                    "type" : "constant",
                    "value" : "org.bonitasoft.web.designer.experimental.parametrizedWidget.WidgetContainer"
                  },
                  "dimension" : {
                    "type" : "constant",
                    "value" : 12
                  }
                },
                "reference" : "30ae24d4-22a9-405e-adce-14bd5a769e91",
                "hasValidationError" : false,
                "id" : "pbContainer",
                "rows" : [
                  [
                    {
                      "type" : "component",
                      "dimension" : {
                        "xs" : 12
                      },
                      "propertyValues" : {
                        "hidden" : {
                          "type" : "constant",
                          "value" : false
                        },
                        "cssClasses" : {
                          "type" : "constant",
                          "value" : ""
                        },
                        "widgetId" : {
                          "type" : "constant",
                          "value" : "pbInput"
                        },
                        "labelWidth" : {
                          "type" : "constant",
                          "value" : 1
                        },
                        "readOnly" : {
                          "type" : "constant",
                          "value" : false
                        },
                        "label" : {
                          "type" : "interpolation",
                          "value" : "Signature"
                        },
                        "type" : {
                          "type" : "constant",
                          "value" : "text"
                        },
                        "required" : {
                          "type" : "constant",
                          "value" : false
                        },
                        "labelHidden" : {
                          "type" : "constant",
                          "value" : false
                        },
                        "labelPosition" : {
                          "type" : "constant",
                          "value" : "top"
                        },
                        "placeholder" : {
                          "type" : "constant"
                        },
                        "alignment" : {
                          "type" : "constant",
                          "value" : "left"
                        },
                        "class" : {
                          "type" : "constant",
                          "value" : "org.bonitasoft.web.designer.experimental.parametrizedWidget.InputWidget"
                        },
                        "dimension" : {
                          "type" : "constant",
                          "value" : 12
                        },
                        "value" : {
                          "type" : "variable",
                          "value" : "courseApply.signature"
                        }
                      },
                      "reference" : "def3910d-5f1b-4bb7-b375-39bbe79c7a5a",
                      "hasValidationError" : false,
                      "id" : "pbInput"
                    }
                  ],
                  [
                    {
                      "type" : "component",
                      "dimension" : {
                        "xs" : 12
                      },
                      "propertyValues" : {
                        "showNow" : {
                          "type" : "constant",
                          "value" : true
                        },
                        "hidden" : {
                          "type" : "constant",
                          "value" : false
                        },
                        "inlineInput" : {
                          "type" : "constant",
                          "value" : true
                        },
                        "dateFormat" : {
                          "type" : "constant",
                          "value" : "MM/dd/yyyy"
                        },
                        "cssClasses" : {
                          "type" : "constant",
                          "value" : ""
                        },
                        "widgetId" : {
                          "type" : "constant",
                          "value" : "pbDateTimePicker"
                        },
                        "labelWidth" : {
                          "type" : "constant",
                          "value" : 1
                        },
                        "readOnly" : {
                          "type" : "constant",
                          "value" : false
                        },
                        "label" : {
                          "type" : "interpolation",
                          "value" : "Date Of Signature"
                        },
                        "type" : {
                          "type" : "constant"
                        },
                        "required" : {
                          "type" : "constant",
                          "value" : false
                        },
                        "todayLabel" : {
                          "type" : "constant",
                          "value" : "Today"
                        },
                        "timePlaceholder" : {
                          "type" : "constant",
                          "value" : "Enter a time (h:mm:ss a)"
                        },
                        "labelHidden" : {
                          "type" : "constant",
                          "value" : false
                        },
                        "showToday" : {
                          "type" : "constant",
                          "value" : true
                        },
                        "labelPosition" : {
                          "type" : "constant",
                          "value" : "top"
                        },
                        "timeFormat" : {
                          "type" : "constant",
                          "value" : "h:mm:ss a"
                        },
                        "placeholder" : {
                          "type" : "constant",
                          "value" : "Enter a date (mm/dd/yyyy)"
                        },
                        "alignment" : {
                          "type" : "constant",
                          "value" : "left"
                        },
                        "nowLabel" : {
                          "type" : "constant",
                          "value" : "Now"
                        },
                        "class" : {
                          "type" : "constant",
                          "value" : "org.bonitasoft.web.designer.experimental.parametrizedWidget.DateTimePickerWidget"
                        },
                        "dimension" : {
                          "type" : "constant",
                          "value" : 12
                        },
                        "value" : {
                          "type" : "variable",
                          "value" : "courseApply.dateOfSignature"
                        },
                        "withTimeZone" : {
                          "type" : "constant",
                          "value" : false
                        }
                      },
                      "reference" : "5557ad35-e5ed-429c-9c4e-521e3938a3f5",
                      "hasValidationError" : false,
                      "id" : "pbDateTimePicker"
                    }
                  ]
                ]
              }
            ],
            [
              {
                "type" : "component",
                "dimension" : {
                  "xs" : 12
                },
                "propertyValues" : {
                  "removeItem" : {
                    "type" : "variable"
                  },
                  "hidden" : {
                    "type" : "constant",
                    "value" : false
                  },
                  "cssClasses" : {
                    "type" : "constant",
                    "value" : ""
                  },
                  "widgetId" : {
                    "type" : "constant",
                    "value" : "pbButton"
                  },
                  "buttonStyle" : {
                    "type" : "constant",
                    "value" : "primary"
                  },
                  "readOnly" : {
                    "type" : "constant",
                    "value" : false
                  },
                  "label" : {
                    "type" : "interpolation",
                    "value" : "Submit"
                  },
                  "dataToSend" : {
                    "type" : "expression",
                    "value" : "formOutput"
                  },
                  "dataFromError" : {
                    "type" : "variable",
                    "value" : "formOutput._submitError"
                  },
                  "labelHidden" : {
                    "type" : "constant",
                    "value" : false
                  },
                  "collectionPosition" : {
                    "type" : "constant"
                  },
                  "targetUrlOnSuccess" : {
                    "type" : "interpolation",
                    "value" : "/bonita"
                  },
                  "action" : {
                    "type" : "constant",
                    "value" : "Submit task"
                  },
                  "collectionToModify" : {
                    "type" : "variable"
                  },
                  "valueToAdd" : {
                    "type" : "expression"
                  },
                  "disabled" : {
                    "type" : "expression",
                    "value" : "$form.$invalid"
                  },
                  "alignment" : {
                    "type" : "constant",
                    "value" : "center"
                  },
                  "class" : {
                    "type" : "constant",
                    "value" : "org.bonitasoft.web.designer.experimental.parametrizedWidget.ButtonWidget"
                  },
                  "dimension" : {
                    "type" : "constant",
                    "value" : 12
                  },
                  "assign" : {
                    "type" : "constant",
                    "value" : false
                  },
                  "url" : {
                    "type" : "interpolation"
                  },
                  "responseStatusCode" : {
                    "type" : "variable",
                    "value" : ""
                  },
                  "dataFromSuccess" : {
                    "type" : "variable",
                    "value" : ""
                  },
                  "closeOnSuccess" : {
                    "type" : "constant",
                    "value" : false
                  },
                  "modalId" : {
                    "type" : "constant",
                    "value" : ""
                  }
                },
                "reference" : "935e9806-ecb9-4697-b21e-ae249ce80bf5",
                "hasValidationError" : false,
                "id" : "pbButton"
              }
            ],
            [
              {
                "type" : "component",
                "dimension" : {
                  "xs" : 12
                },
                "propertyValues" : {
                  "allowHTML" : {
                    "type" : "constant",
                    "value" : true
                  },
                  "allowHtml" : {
                    "type" : "constant",
                    "value" : true
                  },
                  "labelHidden" : {
                    "type" : "constant",
                    "value" : true
                  },
                  "hidden" : {
                    "type" : "expression",
                    "value" : "!formOutput._submitError.message"
                  },
                  "cssClasses" : {
                    "type" : "constant",
                    "value" : "alert alert-danger col-lg-6 col-lg-offset-3"
                  },
                  "widgetId" : {
                    "type" : "constant",
                    "value" : "pbText"
                  },
                  "readOnly" : {
                    "type" : "constant",
                    "value" : false
                  },
                  "label" : {
                    "type" : "interpolation"
                  },
                  "text" : {
                    "type" : "interpolation",
                    "value" : "<strong>Debug message</strong>\n<br/>\n{{formOutput._submitError.message}}\n{{submit_errors_list}}"
                  },
                  "alignment" : {
                    "type" : "constant",
                    "value" : "left"
                  },
                  "class" : {
                    "type" : "constant",
                    "value" : "org.bonitasoft.web.designer.experimental.parametrizedWidget.TextWidget"
                  },
                  "dimension" : {
                    "type" : "constant",
                    "value" : 12
                  }
                },
                "reference" : "ad74e5b2-13d1-45f6-ac1b-c7d179c59cf5",
                "hasValidationError" : false,
                "id" : "pbText"
              }
            ]
          ]
        }
      }
    ]
  ],
  "assets" : [
    {
      "id" : "3a66be21-2d0a-4c6b-bda4-0739d08ed71b",
      "name" : "style.css",
      "type" : "css",
      "order" : 0,
      "external" : false
    }
  ],
  "inactiveAssets" : [ ],
  "variables" : {
    "task" : {
      "type" : "url",
      "value" : [
        "../API/bpm/userTask/{{taskId}}"
      ],
      "exposed" : false
    },
    "submit_errors_list" : {
      "type" : "expression",
      "value" : [
        "if($data.formOutput && $data.formOutput._submitError && $data.formOutput._submitError.explanations){",
        "\tconst liElements = $data.formOutput._submitError.explanations",
        "\t\t.filter(cause => cause !== null)",
        "\t\t.map(cause => \"<li>\" + cause + \"</li>\")",
        "\t\t.join('');",
        "\tif(liElements){",
        "\t\treturn \"<ul>\" + liElements + \"</ul>\";",
        "\t}",
        "}"
      ],
      "exposed" : false
    },
    "formOutput" : {
      "type" : "expression",
      "value" : [
        "if( $data.applicant && $data.course && $data.courseApply ){",
        "\treturn {",
        "\t\t//map applicant variable to expected task contract input",
        "\t\tapplicantInput: {",
        "\t\t\tNameWithInitials: $data.applicant.NameWithInitials !== undefined ? $data.applicant.NameWithInitials : null,",
        "\t\t\tacadamicYear: $data.applicant.acadamicYear !== undefined ? $data.applicant.acadamicYear : null,",
        "\t\t\tpresentSemester: $data.applicant.presentSemester !== undefined ? $data.applicant.presentSemester : null,",
        "\t\t\tregistrationNumber: $data.applicant.registrationNumber !== undefined ? $data.applicant.registrationNumber : null,",
        "\t\t\tpermenantAddress: $data.applicant.permenantAddress !== undefined ? $data.applicant.permenantAddress : null,",
        "\t\t\tsex: $data.applicant.sex !== undefined ? $data.applicant.sex : null,",
        "\t\t\tmobileNumber: $data.applicant.mobileNumber !== undefined ? $data.applicant.mobileNumber : null,",
        "\t\t\tcourseOfStudy: $data.applicant.courseOfStudy !== undefined ? $data.applicant.courseOfStudy : null,",
        "\t\t\tfieldOfSpecialization: $data.applicant.fieldOfSpecialization !== undefined ? $data.applicant.fieldOfSpecialization : null,",
        "\t\t\tpreviousGPA: $data.applicant.previousGPA !== undefined ? $data.applicant.previousGPA : null",
        "\t\t},",
        "\t\t//map course variable to expected task contract input",
        "\t\tcourseInput: {",
        "\t\t\tModuleCode: $data.course.ModuleCode !== undefined ? $data.course.ModuleCode : null,",
        "\t\t\tModuleName: $data.course.ModuleName !== undefined ? $data.course.ModuleName : null,",
        "\t\t\tLecturer: $data.course.Lecturer !== undefined ? $data.course.Lecturer : null",
        "\t\t},",
        "\t\t//map courseApply variable to expected task contract input",
        "\t\tcourseApplyInput: {",
        "\t\t\tsignature: $data.courseApply.signature !== undefined ? $data.courseApply.signature : null,",
        "\t\t\tdateOfSignature: $data.courseApply.dateOfSignature !== undefined ? $data.courseApply.dateOfSignature : null",
        "\t\t}",
        "\t}",
        "}"
      ],
      "exposed" : false
    },
    "courseApply" : {
      "type" : "url",
      "value" : [
        "../{{context.courseApply_ref.link}}"
      ],
      "exposed" : false
    },
    "context" : {
      "type" : "url",
      "value" : [
        "../API/bpm/userTask/{{taskId}}/context"
      ],
      "exposed" : false
    },
    "course" : {
      "type" : "url",
      "value" : [
        "../{{context.course_ref.link}}"
      ],
      "exposed" : false
    },
    "taskId" : {
      "type" : "urlparameter",
      "value" : [
        "id"
      ],
      "exposed" : false
    },
    "applicant" : {
      "type" : "url",
      "value" : [
        "../{{context.applicant_ref.link}}"
      ],
      "exposed" : false
    }
  },
  "hasValidationError" : false,
  "uuid" : "ae254c31-1066-4d3c-8b22-e9001adcaaaf",
  "type" : "form",
  "description" : "Page generated with Bonita UI designer"
}